192.168.20.40,slotus,nHBCvKLaApCvpF87vNVxWvas8GQ4ithsikwnjLhqvkyCo2jAvygd,g1
192.168.20.41,scaterham,nHB44SZ7ianbvP3JcGokQ4oJgJsRaeM5Mf6ZRHfJ1h2qd2FKmNSL,v2
192.168.20.43,sligier,nHUpuCrzYFPWdrpZdyHgDVEoUGdvAYLzbhMay1cuYvcc5tN77wZY,mix1
192.168.20.45,sminardi,nHDaYM5115rKKkrSC8Fe2AbPvDL24H6CBhUrmn8HfsjeugtzBALH,mix2
192.168.20.46,ssauber,nHUBo1HQGzEfMvGzQCdv4MdM1FmjLGVWgeCBqvqTam3CZeKbJjBM,s1
192.168.20.44,sbrawn,nHUdDj3wcjU59e2F3KQnb7ZHa7rUKMn86VNJfdDmyoYAvLWCSpqZ,g1
192.168.20.47,stoleman,nHUHn85HkR4krDMx7y82ZJ9UJTWiQoeGKuyJegWZapZ6nVv4r9bK,v1
192.168.20.42,sbenetton,nHUyr5DeKghkRUCYmbt2XB2y4AqvhDmwW2yYboNyc4i3D1JVp6Xz,s1
192.168.20.32,vlotus,nHUuxLg2iqzDAJ6PmbDUZnL9aPxGSZUKEDTaJM87fTvoAcVyrUaE,s2
192.168.20.33,vcaterham,nHU25nmFHyVVfHgMutYmyQwK7ucuzR3cWimCFwV518c2MrMRNKTE,g2
192.168.20.35,vligier,nHU6KUbgWFBT4ckD7yNLiPkXoGr6bFt6C2mZoaidaToA8JjJH68C,g1
192.168.20.37,vminardi,nHBefXdwh7JRowbwGrFjfRAZL5rG8sU88e4DtMu64ziTq1QxMeaG,s2
192.168.20.34,vsauber,nHUPrydAuUGPDtxsvUpRX5rLF96gdBg4sSvj9xz7TtCPqa7WwBhE,mix2
192.168.20.36,vbrawn,nHUcc8mKmpwnTKDMTnkHaHZxfs56K91ucZH5A5yk7xS8BB61z4sj,s1
192.168.20.38,vtoleman,nHUsdAcU1ChJrifrsfDbcZFkQ3xcTQdY5GE8LNih4Cu7tZunjRKc,g1
192.168.20.39,vbenetton,nHDEVjWLdnknTyfTpbHMBKYzLp3tzLp4nXzGudtqjfJKkQ3FgsqQ,mix1
192.168.20.59,lotus,nHBqCWt3CUotvkVS96v67QVMbJsch5hGacVdgYnNg2D5r4chdy3t,g2
192.168.20.19,caterham,nHDnszzK8YXuvoG973VmaxXcit1RiQi3zGa4og8quFZ9LFGENx2H,s2
192.168.20.23,ligier,nHB12pxLMefRW76D4DByNoMxECXYm5oKyFAuwh5h8LLvGmJ9ojf7,v2
192.168.20.24,minardi,nHBAZm75iug5sogeFeBJ2Hz9oq3j1pf8d4mEmFqMYCphgBivt7DH,g1
192.168.20.28,sauber,nHBqtA5CupAQ8YPyyGdRr3iqeRzSYoFpxY15eJZCnJuqZfuNcNVQ,v2
192.168.20.29,brawn,nHUAi31hBiLhTERajmbh2bsKzqjY2yRpUd372mnWNCYfmQQzzFDx,mix2
192.168.20.30,toleman,nHULxtxsZCxdKCTcpooxPGMCShdQu3nmiumnZt8WXmY4JF8WzBQa,g1
192.168.20.31,benetton,nHUsUVCaeGF3LrwqjLqMCa66Cztac5ymBDiLVxYiLL4MRdTbX7zg,g1